{
    "lists": [
        {
            "title": "Gladness Foundation",
            "controls": false,
            "items": [
                {
                    "id": 1,
                    "title": "Floor cool cinders",
                    "description": "Thunder fulfilled travellers folly, wading, lake.",
                    "dueDate": "2015-01-31"
                },
                {
                    "id": 2,
                    "title": "Periods pride",
                    "description": "Accepted was mollis",
                    "done": false
                },
                {
                    "id": 3,
                    "title": "Flags better burns pigeon",
                    "description": "Rowed cloven frolic thereby, vivamus pining gown intruding strangers prank treacherously darkling."
                },
                {
                    "id": 1,
                    "title": "Accepted was mollis",
                    "description": "Rowed cloven frolic thereby, vivamus pining gown intruding strangers prank treacherously darkling.",
                    "dueDate": "2015-02-02"
                }
            ]
        },
        {
            "title": "DOING",
            "items": [
                {
                    "id": 4,
                    "title": "Composed trays",
                    "description": "Hoary rattle exulting suspendisse elit paradises craft wistful. Bayonets allures prefer traits wrongs flushed. Tent wily matched bold polite slab coinage celerities gales beams."
                },
                {
                    "id": 8,
                    "title": "Chic leafy"
                },
                {
                    "id": 10,
                    "title": "Guessed interdum armies chirp writhes most",
                    "description": "Came champlain live leopards twilight whenever warm read wish squirrel rock.",
                    "dueDate": "2015-02-04"
                }
            ]
        }
    ]
}
